,tm,et,contract,last,bids,asks
0,1646793331476662063,1646793328271708865,index/gbtc.usd,26.447500000000,"[['26.365000000000', '1.0']]","[['26.530000000000', '1.0']]"
