,tm,et,contract,last,bids,asks
0,1649744685606445585,1649744680850978696,index/gbtc.usd,28.345000000000,"[['28.300000000000', '1.0']]","[['28.390000000000', '1.0']]"
